-85.1524198619661,30.1540821820584
-75.0352308655221,29.8494006813511
-65.0510869237897,28.2145712209987
-55.0757874877826,27.271300118122
-45.321123127064,25.6879132807983
-35.0693868457226,23.7358276177453
-25.1499111204261,22.1161447639097
-15.0779109212457,20.562870920295
-5.30437360050099,20.3116413899877
4.84388215871779,20.0008490781245
14.7764564015267,20.9664113568863
24.8636569154758,22.5056705083679
35.0282147695061,23.5207124491717
45.1805293993603,25.2794628096034
54.6243543104596,27.2485524680323
65.0928028129413,28.666299778659
74.6015087898726,29.3618888831755
84.7072766783176,29.9453227807338
-85.6477485684,30.5958241415793
-75.1508916542343,29.4105743208636
-65.0846029485304,28.2628640650335
-54.9860921160631,27.0523768249104
-45.2804200186312,25.4010881119037
-35.0858531038088,24.3676957456697
-25.2015181117167,22.3928876584881
-15.1603878718029,20.6687713523011
-4.95526965993201,19.8203089047951
5.00201785446076,19.7476754686475
15.0232388638733,20.9875973341366
25.1293465493947,22.6274310377366
35.0363789677864,23.974752202874
45.0247629891436,25.4997375649187
55.202989658987,26.8235069371665
64.9408757944056,28.3521552426077
74.5526247759034,29.8208477253654
84.449820556724,30.24422495842
-85.1623986834079,30.6948499609688
-75.3670984536729,29.7284389515813
-65.1925887709365,28.0799718382577
-55.1460754099774,26.803642401138
-45.0492297861194,25.7127321330729
-34.9115725323919,23.7828098187409
-25.1454053309697,22.4152916157544
-15.0361633562809,21.3514967711541
-5.13987809400349,20.1551078137681
4.92154155995826,20.3302493598584
15.235777186005,20.9746528887437
24.8797960258193,21.9633677600299
35.0606724428451,23.9631273186685
44.7088347041346,25.5714306336998
55.016660807589,27.2521266650676
65.0904518639064,28.0928656341295
75.0062414420978,29.4913570867574
84.8101279286913,30.0811865145577
-85.6310162136472,30.2858827895902
-75.4589252316335,29.693740889026
-65.0060954293392,28.6638872486227
-54.8857678663928,26.8875912856684
-44.9301439018813,25.282187104137
-35.0459105568375,23.8720809825095
-24.921424041367,22.5861995399641
-15.0678429481203,20.6060667557516
-4.84764338855162,20.3372263610785
5.08728629152301,20.2447189154582
14.9727466154172,20.8679332108637
25.199827936021,22.2379251033452
34.7744670139448,24.3194543346012
45.0693629475867,25.6412874677074
55.209983224459,26.9785131945221
64.853555802909,28.3325199266671
74.9227235232911,29.5145345170819
84.9209041847405,30.0395073325767
-85.6678043545104,30.6309382251669
-75.1423987438363,29.8202748262471
-65.2210570533668,28.2761742060298
-55.1545659718477,26.6745006745943
-44.7663907085622,25.3989998735622
-34.9484711211517,23.9117762297073
-24.9761961628123,22.601657192475
-14.9547771811752,21.1845137426697
-4.86062594101851,20.3752567695848
5.39663442662062,20.4256253216939
15.1073483825832,20.8794001120575
25.1291270216033,22.3231470874849
35.0402464082718,23.7711298600828
45.398065013429,25.4853660736644
55.4674725513432,26.9818454299107
64.8612639578171,28.3524270548781
74.9480861165644,29.6648745201309
85.3812493413514,30.3632618174603
-85.0637052407876,30.4979965127927
-75.4169969364213,29.4460548790369
-65.1297618376085,28.4203530177021
-55.1182120676833,27.2831379907812
-44.7193962489952,25.4106679902829
-34.8357444004984,23.6683246464849
-25.1243858396683,22.5502244292207
-14.9279691435662,21.2727879481294
-4.9972112282265,20.1603444264828
5.0599594267885,20.3884947187882
15.0593088637344,21.3370713556254
25.3194786587119,22.2420488743528
35.2037589940804,23.6907406942652
45.1809657855676,25.6109427971535
55.18474669275,27.0661875179587
64.8730548696008,28.4193428609509
75.5939992817648,29.4639725738498
85.3667293107914,29.8185116052743
-85.1594294827427,30.3310933533632
-75.1402172004825,29.9616190996989
-65.0097230347857,28.9624371158499
-55.3259582716668,27.111965604942
-45.1705774881902,25.6327631570035
-34.7662740168808,24.2636472729881
-25.0177525650121,22.0754045680934
-14.9435732787986,21.2720155720548
-4.92375589013672,20.208679180599
5.21795942973037,20.422663145835
15.3257701740257,21.1873683289825
25.3584097490121,22.3650174482658
35.4471898987172,23.8292301677907
45.0982881930814,25.3088757724917
55.3093101267522,27.172273968192
65.459844406014,28.3662548260405
75.3906224847756,29.0410809506345
85.4266958528378,30.3776590989672
-85.2874859453478,30.1341882847043
-74.996786275421,29.8174382508785
-64.8165670075442,28.9208583194815
-55.3044892094336,27.3440456773339
-44.9942820248033,25.8524218352494
-34.9606786912716,24.3483805165921
-25.091140742504,22.2468130507172
-14.8803592117008,21.0150853674556
-4.71050803910056,20.406390091904
5.07526186286778,20.4282249396326
15.1251327996738,21.3335663280968
25.10380799959,22.3763871435933
35.0429436631953,23.6840222320439
44.9939414151357,25.3039026040765
54.9935518809077,26.8734995681709
65.3312604891402,28.2328811551496
75.8098798236403,29.299644361825
84.9783350146851,30.0699196287323
-84.9025552626606,30.5663206478556
-75.0417543438571,29.5534939784438
-64.8048076850314,28.3845704860236
-54.6951339657357,27.4442396752419
-44.8853962699429,25.457966335092
-35.1022015309284,24.0675465946249
-25.0569491330377,22.600530784689
-14.9681825023002,21.3792291887552
-4.83554561290266,20.0691071848046
5.01581094866749,20.3891559126575
15.0410072916036,20.6752997849982
25.1854856372193,22.3362856872091
35.4823440592304,24.3472374116632
45.2310358501637,25.4783581967672
55.0485455602026,26.9653842250398
65.0872174961239,28.2011269226918
75.4020303467633,29.6786713974667
85.0559716273435,30.2283656445378
-84.6081379231972,30.3974927231219
-74.8332985169596,29.7835603757213
-65.1657261769701,28.5735399709845
-55.2101875598724,27.2212440765161
-45.0620200523465,26.2384994730792
-34.9885250776332,24.4737457113211
-25.3359314931888,22.838245591964
-14.9183011971422,21.3721069094786
-4.79803162974251,20.1465928325536
5.11948859653563,20.4605445188408
15.0962008150675,20.9532100691951
25.1204699980696,22.5015146006632
34.9264824570643,24.0140211140606
45.5940347607924,25.4192933569665
54.9502519554988,26.7043380690828
65.1615492341417,27.9938977373879
75.5408862374457,29.0894661748139
85.2890641358984,30.1912832694213
-84.8116571555084,30.3746990860068
-74.6944144223606,29.6209445801314
-64.8722991340469,28.6214375469502
-55.0868744180285,27.2067923534056
-44.842322198565,25.6910892941294
-35.0344326412227,23.8850445538414
-25.0548643958415,22.7316213015243
-15.0595937968236,21.7084381910613
-5.00427263186037,21.0003142201248
4.90702158407031,20.2474180825157
15.1741312405905,21.2747644965217
25.2601195570698,22.5492148596827
35.0711419195891,23.7028511062426
44.8788661325325,25.3032692012478
55.0812865019636,27.0095288808974
65.1706767311507,28.0225433709887
74.9018878372534,28.9788476858033
85.1749928111494,29.8375999325977
-84.3245690170129,30.27337201999
-75.0678001003221,29.5784454590065
-65.0475091251125,28.4208416086639
-54.8374139214688,27.1113499207358
-44.8296048458515,25.9130468417183
-35.21313408539,24.6081190474445
-25.2175789091809,22.6930478500248
-15.3433054594924,21.7496142776784
-4.95678620736551,20.6535447213953
4.76886758700977,20.3662237076139
15.1646082188017,21.401767555248
24.8976645859742,21.80618432882
34.9046397294431,24.0957947516045
44.7620471930508,25.592583357562
54.8235535786982,26.8097663802726
65.1141949332718,28.3936497210367
75.3135097910897,29.2554094020116
85.0297654440531,30.4304059287394
-84.970935554981,30.0826401988287
-74.9080238444681,29.7495095856986
-65.009685765896,28.6946932377034
-55.2068289360795,27.2631248489399
-45.251986612031,25.859091566514
-35.2055189259805,24.2221548631169
-24.9122831051061,22.5069520980523
-15.2738180619733,21.7538949108665
-5.16594741726124,20.2994986640431
4.95029983498941,20.5529157014242
15.059064434666,21.1456102668908
25.0651395421431,22.278894381247
35.0194317591509,24.2901389794062
45.0493805036926,25.3895567816809
55.1330590536442,26.6181422811424
64.6133687821677,28.4994793738098
74.6978806005638,29.6888821576795
84.7052271262943,30.2538847020524
-84.6192477804892,30.1738203017567
-74.7473571274643,29.7691413537977
-64.9855440267383,28.5999605741975
-54.9372806092861,27.5046137474201
-45.1896264939211,25.7919440971487
-34.6679549198246,24.4838652181984
-25.1705524901792,22.9465119861035
-15.0004273191545,21.4947029105831
-5.07499442024393,20.6831873792439
5.01989275931849,20.539565061569
15.0483529986095,21.222677485013
24.9710974044054,22.1982554832666
35.0059239187203,23.6280539160543
44.9156390443566,25.5321654453269
54.8094815416598,27.0980364470186
65.1463806058886,28.2904828762438
74.7711577011846,29.3843415657572
84.5663682480527,30.1862172178676
-84.6936844428959,30.1305148787987
-74.6091219134196,29.5209317645262
-64.7447458525392,28.5354947211922
-55.5207385722031,27.1178058486933
-45.0327220473951,25.4257363559192
-34.8870581654044,24.0961986665924
-25.2003845701644,22.547729252315
-15.1832911539695,21.4646727346766
-4.88093208563673,19.8387556336017
5.10585989979943,20.2780734401099
14.8044080973276,21.4184618565706
24.800096008476,22.347497333859
35.0377444661222,24.220460984827
44.9524568608235,25.2450191764457
55.0223900284952,26.8075012267312
64.7656970169011,28.4686972013625
74.2529811776487,29.7166588332256
84.5134852301748,30.1355866251086
-85.0315214858283,30.1684683868343
-74.6041891778142,29.6812199879943
-65.2576263531367,28.3008806019766
-55.2021160784738,27.0556228675672
-45.0670550861738,25.6209627478485
-35.2843423025569,23.7768224443484
-25.337136602466,22.5112119819667
-15.287340071553,20.9837899845368
-5.17723914414532,19.93100160545
4.61517902640435,20.2244173655942
15.058122365175,20.7756831441087
25.0875493224263,22.6304463835813
34.8425805854988,24.1659924401328
44.950171571901,25.1838048192754
54.7035271454812,27.1125643446385
64.5904934815097,28.1922923186849
74.8671756146779,29.6638859809891
84.5825454054556,30.2500419461692
-84.8497032974146,30.51682203495
-75.0490845983258,29.9073907821941
-65.2445883007925,28.6210431914535
-55.0001351773152,26.9662516675627
-45.3023985366664,25.7857664059386
-35.1854509507807,24.1831846324036
-25.4939495664072,22.5167485514154
-15.469381532021,20.9558001522625
-5.29236241025502,20.2495284804589
4.99131220480513,19.919706530371
14.8748958402468,21.0405293964615
24.9822565506915,22.5045953835665
35.0469879126059,24.3228462376813
45.1308393929248,25.7883849761747
55.1409261768172,26.78368221674
64.4593204976602,28.5331349168886
74.4932046262937,29.5353108548609
84.4746946669543,29.9884720490162
-84.8936157809017,30.3546841005738
-74.6431902202861,29.6021652912462
-65.2444696409003,28.6529573380938
-55.3420435807267,26.8952087711711
-45.3758285918402,25.7123602156471
-35.5145382427796,23.7756275886003
-25.320588156612,22.15779753204
-15.2775594956168,20.625257208114
-4.99382722050565,20.1063850524665
4.82781742046133,20.5531570992797
14.7762143837407,21.4982874815207
25.0393209808723,22.4393529723917
34.8561209715439,24.3730448809557
44.8154833182835,25.8403799491469
54.8233012920316,27.1464236582346
64.8074089074643,28.2824038645257
74.6803572951523,29.4196877603194
84.5264606642473,30.2613746147888
