-56.1659901822867,3.44926194298852
-48.087945856648,2.76355134721563
-43.1269194554534,2.09254792820373
-41.2492590461042,1.35801366144849
-41.5707946768771,3.21549658504256
-42.6111201563674,6.05156641670871
-37.3793356215384,8.07626376133662
-30.0794582015434,6.49535434248451
-17.4949576578421,5.92195117932766
-5.34059397692248,4.72778358508447
6.09834836994591,4.37968570736461
18.8259506845961,3.94145600984887
30.7764347590145,3.6623191840228
42.8360355980468,3.53090571838546
53.3791359065311,3.04651675726722
62.6307513883648,2.31942029945031
71.0105526545529,2.03973249862238
80.0446352351105,1.92962073571089
-56.6809754254441,3.64515927680932
-50.6565682273576,3.30839810632176
-44.8567724432233,3.65733321252021
-44.4883733229697,3.05208051479784
-45.1333510113728,2.11556117627228
-46.4335911572206,2.23422909551543
-43.3011276221929,4.11653727320637
-33.0506827908485,4.37196013789167
-20.0561692076578,4.90948037744427
-6.39444533560838,3.90613552243668
6.05843846320748,3.13351246642779
18.4719087923483,2.76859311971935
30.7695777422278,2.38948626951514
42.5101416669794,3.11592775465234
53.4070642682273,2.5856754147635
62.6149745482811,2.34153503878337
71.0909461672186,2.52484826027375
79.7466320281662,1.53371343150032
-58.6209471076438,3.68285805382492
-52.0456861193481,4.38315630912679
-48.0529488388094,4.75386460495417
-45.1593507483885,5.47776850236936
-45.2625693267466,5.49511142729814
-44.7635968983538,4.56733401339696
-41.4566658610931,2.32527503700491
-31.4327548404581,1.00810075437098
-18.098929886169,1.58128228912957
-5.16531173577395,1.62177727843228
7.42782525965805,1.94427177344643
19.6250229544582,1.92082798538467
31.7469112873882,1.80044855675391
43.2084469512749,1.8946101282872
53.3033860053192,2.35630515860128
63.3905597415353,2.32491812497109
72.2630879355101,1.65702246242554
80.4759380332836,2.05016397501757
-59.8107562390072,4.0013704409994
-55.6054398372045,3.85217343414631
-52.3107544411878,4.36486560374437
-50.2147856081747,5.16553244248178
-47.2870920769115,5.01251349706814
-44.7788655308186,4.35553311249134
-38.9730780602789,3.08458348173015
-28.6348271040431,2.33992558538259
-16.134843523754,1.47027453899881
-3.49157108559665,0.877136197290182
8.82796652661224,0.885978584337869
21.0105501628124,1.00396306243658
32.9799905318426,1.4076020324644
45.3398985969753,1.40865092765338
55.9221151151026,1.66720461853347
66.1801636973176,1.97919769718507
74.7523342576001,1.89868752186286
81.7657744819832,1.93023796567153
-62.610072574635,3.51155221367296
-61.403087400512,4.0464713550452
-59.478984941338,4.45933932810172
-57.408716483362,4.08751663578627
-54.232411820374,4.09063501816861
-49.1101493963032,3.31765618396041
-41.0034887995901,2.0523804207478
-29.5863673968567,1.59492993788828
-16.5517075542369,0.997148336334554
-4.12091817844953,1.19027111514229
8.11008046498591,0.974194171579225
20.233955153084,1.01101805577234
33.4069679880209,1.21698205770155
46.2080971262472,1.07338037460925
58.7870645203826,1.53449352169064
69.2367930982259,1.71200417527098
78.4426543750138,1.82376856587265
83.0325214445849,1.61758851351119
-63.9875669658841,4.04587274198468
-66.9298542371922,4.3701002061481
-69.202504205401,3.9084908635928
-67.5951856066629,2.67698933483027
-62.5688954440834,2.13424380783916
-52.5517567313699,1.87412672129357
-41.6697380616474,1.32628597117482
-29.0878446473094,1.09432292035606
-16.5279578767851,0.91235560316705
-4.52659901395882,0.614263558091063
7.52800162292837,0.8101585719206
20.1024655703299,1.17571268979401
33.3593118364194,1.23523711345398
46.6875187728374,0.971771219690513
60.1315232216854,1.16240809784678
72.6818923632114,1.5384772322681
80.979572167411,1.36937455147652
84.243222906167,1.49754172983579
-66.4068969869816,3.76078728353937
-73.7850225031072,3.92197135849268
-79.7731875015998,3.02134656938503
-75.0975532720706,2.44022951006479
-64.0159220713857,1.73170239420212
-51.9223628204633,1.18439558187988
-38.9751876574931,0.879075549043609
-26.5109363931196,0.681651186495833
-14.3274535141016,0.855006717200913
-3.05669905050306,0.859244566518628
8.3735911386935,1.17457841828642
20.119284590688,1.19645715663404
32.2918378812439,1.19216346147532
44.6824152603606,1.234364612233
57.8415942493862,1.17437556842315
70.3956548224007,1.43168428515721
80.7334943755175,1.11014408851488
85.6391665687495,1.59851117076743
-66.3132453749548,3.75035102247405
-79.0040296216883,3.75548111831829
-89.0339958686726,2.41533853724112
-74.9542974037298,2.23543928295024
-62.1466561762771,1.51006875735669
-49.3715000092204,1.03414809096811
-36.929553862219,0.879330409927705
-24.7644898648567,0.741522445648514
-13.4799443973322,0.700260137580771
-2.35839586880341,0.808723995767103
8.34465770203981,0.775402909284315
18.6610599722688,0.8102185726953
29.5267422492629,0.885847825856294
40.4303949233209,0.86953961329664
52.433397126126,0.742728464414791
65.5045574983589,1.04091940258998
77.7447741267046,1.23146111170817
86.6641266086828,1.65943525894175
-66.3995095783571,3.54409214653328
-78.7138426015782,3.4297174656631
-80.1508421840506,3.03638122746375
-68.5651375401956,2.24119884050944
-57.2785481326477,1.44677768821538
-45.8289775451456,1.16211990079012
-33.7670374587372,0.983611049563917
-22.3623430574647,0.867739266714823
-11.0666276367984,0.893799601638151
-0.785187474364889,0.69556198410672
8.93068022226534,0.621105801109602
18.6386005050825,0.73994005386423
28.0281059622432,0.95625935242101
37.710017232078,0.801104642148887
48.8872437819972,0.971615950743658
61.845673169861,1.15339372401076
75.3459437004428,1.21850936412656
86.4973329288161,1.68911336706817
-68.8125301991998,3.48408221874498
-75.510292376662,3.57628367202071
-73.1349770954385,3.5138799680795
-62.4286193402853,2.13481515127919
-51.7593207866392,1.8639210246195
-41.0258122746906,1.4961589775097
-29.8424955707895,0.990100946952981
-18.4607848349101,0.961991702199923
-7.48310200900646,0.800291116989574
3.10229017497801,0.705835660263054
12.86765292236,0.756202995276234
21.7029835720061,0.901601304276838
29.8585233891156,1.18342873665124
38.415120532795,1.46421230651583
48.6660023204583,1.24567956871826
60.9434700959353,1.36396741250706
74.8549708218829,1.42280471821045
86.9254936756506,1.94976528225518
-66.2735491132873,3.94509084516812
-71.3156681000108,3.71436318331687
-66.8504317105603,3.18686121645312
-56.9174282185022,3.11240203186253
-46.8615207335403,2.18409218249319
-36.7269682734429,1.58244303464413
-26.1958699075488,1.2680978444881
-15.4584800340529,0.861345112992364
-4.52003048358024,0.764096221340805
6.03920098415757,0.68987131389419
16.0643446135827,0.58845231862777
25.0928439493358,0.9036564632562
33.3465149912171,1.22555190512401
41.373663150696,1.87190438616393
51.3453328348049,1.59306744762172
63.2221789545832,1.25027799100861
76.1469398212498,1.53356997083466
87.1572046151341,1.82872168744167
-64.5471074997547,3.09676517111065
-65.9815154415553,3.68245728787918
-60.8569141266848,3.45673123321077
-52.4214401319002,2.89086153312681
-42.7101028607553,2.08752406249147
-33.0434100521304,1.96368008139144
-23.1287578392119,1.52888990489664
-12.96756590871,1.12126216638643
-2.69641705437627,0.860897877240205
7.55393615988568,0.649978091955344
17.7664228230256,0.385302276055948
27.508745790558,0.55746335818804
36.6361973660094,1.08359169973242
46.3182524057549,1.16954982785266
56.6630814827454,1.70690071984111
68.3522722122551,1.47409859190122
79.5781876877307,1.92185171042441
87.6064057470354,1.66128036739337
-62.3960002057492,3.16591411810933
-59.5709032090191,3.14865440234437
-54.1848373030226,2.7300062706233
-47.0100133549169,2.23809447864619
-38.5218272456115,1.94130800445356
-29.7435407913086,1.37511749953583
-20.3678931631619,0.905431621727359
-10.8225495496724,0.868501212992448
-0.723024943746907,0.737907200647304
9.30965658051625,0.687304213590743
19.8365998182258,0.588205009579206
30.4838064300592,0.721347880235066
41.035051775064,1.25398881573086
52.4345733324,1.19327826697063
63.9549487725517,2.422286515484
75.1637958863799,2.99136186843105
84.4057293893577,2.1525696975508
87.3668425003377,1.51346067348123
-60.5261477974911,2.88832944003286
-54.2427413892078,2.44279336899844
-46.1379598798678,1.75715187601672
-39.8789628103273,1.45756001733021
-33.2164933741882,1.29474694201982
-25.745627187041,1.03950654725202
-17.4480985317811,1.08502049387161
-7.64536220730965,0.949286436816464
2.05638700833003,1.63035450777318
12.4203876989503,1.35044352952495
22.9222170333591,1.38081069101751
34.0885463014393,1.65133781903471
46.1667842279575,1.83735114293432
58.4392297916293,2.50918031450728
71.6709260814582,2.25739345452361
81.7001759684471,2.92846293688245
89.7459896629634,1.9566657404437
86.1802397583708,1.94139783502313
-57.0233470240534,2.61698262074159
-50.3509857323259,2.41706095378733
-41.674410311849,1.72657949945358
-33.783485194663,1.30961204598988
-27.0017505026521,2.03723680129236
-20.4812987534223,2.80647967850901
-12.4972806440008,3.19918090048378
-3.65041883738688,3.66076476079061
6.40388408505775,3.552604517768
16.4417277253419,3.40806397310664
26.5296759003725,3.23488766851305
37.9823059017201,2.62777273147799
49.6963436948252,2.4180396634781
59.9143538562011,3.16570035446708
73.3445647394139,2.24152547025737
80.9368301327778,2.9677112184021
83.872938680809,1.88107172081706
84.6759917595637,2.06098972425501
-57.5569175373344,3.17613022608056
-48.4493132602179,2.02931786371298
-38.7523898202285,1.06916854692472
-30.9912433068558,1.84726809068612
-24.0940608019716,3.61215778758506
-17.6443515124288,5.23093836208175
-11.436944724543,6.83269861962365
-2.36136437921316,5.70506052941351
7.82364847971229,4.60540156344637
17.3768841465256,4.45797430874441
25.2612748474392,5.14710353387995
35.6979245289935,4.45754134350002
45.9192458342407,3.59570701295778
55.4984326469764,4.60731220106938
65.4260873828112,3.43050040037123
73.3539375006647,2.75580648766231
78.7263775635257,2.27398441908234
83.0474396951227,2.41984078825559
-56.1734385625221,3.26614096669748
-46.966835929967,2.29567037864578
-38.7130902911875,0.429217364008668
-32.770915097759,2.31569533610841
-29.8148836132249,4.58815532499045
-23.9480163782421,5.80198875418123
-17.6160762553296,6.48774772139054
-10.8023564891478,6.46891128756553
-3.64845643490821,5.9073102758612
5.81399107851561,5.3974726047716
17.0167436634833,4.85796159217872
28.6947302981814,5.42732948612114
40.0867352360207,4.70367082234778
48.5869213895151,5.364094267186
58.7141997741319,4.75874802245386
68.1792465385271,2.93606176582193
74.8477103967118,2.38616744667639
81.096041267503,2.349998145258
-56.4839147279741,2.94116891429201
-46.7469160738395,2.18557349431992
-40.566610264612,0.880399339541227
-37.0957388523699,2.23651476944762
-34.0523368899688,3.40502074104799
-32.6374054466902,7.42263755809279
-29.6989071288239,7.14724995507881
-18.5495722572202,6.35913396165337
-11.0745750211001,6.77227241486602
-1.00314131018813,6.19758388773857
9.47766138287946,5.80240602554425
21.9841713024053,5.44514441750527
33.2952512650015,4.30235543944106
45.172541829009,3.74663266741674
54.8852549675387,3.47216665518091
64.3443149333719,2.68226567054972
72.3354183490596,2.49802099434393
80.8151334086993,2.09946126721956
